Name1,Name2
ian anderson,stancy anderson
grace wong,joyce wong
ciaran edwards,colin edwards
rahul pandey,ratna pandey
irene greenman,renee greenman
anne scott,joanne scott
daul kim,paul kim
iuoh sim,ruoh sim
ian campbell,joan campbell
dean campbell,ian campbell
amanda henderson,mandy henderson
josh smith,joshua smith
harry martin,sherry martin
brent anderson,brett anderson
karen smith,warren smith
andrew brown,andreya brown
ben johnston,kent johnston
dean campbell,joan campbell
kevin gabriel,ruvin gabriel
balwin jassal,balwinder jassal
allen smith,glen smith
john abraham,ron abraham
paresh patel,rakesh patel
gillian brown,william brown
mark hayward,mark haywood
andrew law,andrew lawson
fiona gordon,john gordon
michelle hill,michelle hollis
john wong,wong wong
ana flores,susana flores
andrew ing,andrew irving
gavin lee,martin lee
john wong,joyce wong
clare russell,harry russell
alison james,liang james
andrea smith,karen smith
bradley stanfield,bradley stanford
christopher hanna,christopher pang
christopher pang,christopher pratt
paul wilson,sally wilson
alan wong,lynn wong
chong lee,young lee
nasim ali,quasi ali
olivia smart,olivia stuart
andrew fang,andrew ing
murray hay,murray shaw
peter chai,peter ha
helen miller,kevin miller
colin brown,rorie brown
john robinson,sophie robinson
andrea willis,derek willis
richard pardy,richard perry
richard barber,richard parker
keith harrison,peter harrison
charlotte dale,charlotte staley
hanan habib,mahen habib
emma watson,petra watson
monirul islam,towhidul islam
xing zhang,xing zhao
daniel herbert,dawn herbert
simon smith,tim smith
melinda hill,mila hill
anna moore,linda moore
kate dixon,peter dixon
guy armstrong,sue armstrong
stephanie das,stephanie nam
andrea williams,andrew willams
denise brown,janice brown
leonie sinclair,louisa sinclair
malcolm long,malcolm lowe
stephen wong,stephen wood
harry white,kathryn white
belinda scott,julia scott
gary cooper,karina cooper
harry white,henry f white
lionel wright,tony wright
christina petersen,christine paterson
gary cooper,grace cooper
roger smith,trevor smith
frank welert,frank willert
janet miller,janet moeller
julie smith,lachie smith
aileen smith,karen smith
georgia young,gerald young
keith wilson,kirsty wilson
helen evans,steven evans
caroline gray,catherine gray
rong ma,yang ma
jessie anderson,ross anderson
david roberts,david rogers
william chang,william hung
mark taylor,moana taylor
adeline lee,madeline gee
andrew chong,andrew wong
andrew chong,andrew yong
andrew ward,andrew wearn
chris miller,chris milne
david offner,david oxner
jenny cooke,jenny cooper
michael rhee,michael yee
ramesh nair,ramesh nayar
robert cable,robert cole
charlotte smart,charlotte smith
robert hayes,robert kaye
karina cooper,mark cooper
alice miller,valerie miller
shabrina hussain,zainab hussain
katie smith,kevin smith
david scott,kevin scott
david smith,kevin smith
helen smith,kevin smith
sophie chan,sylvie chan
hashad patel,hasvin patel
macke,mackie
catherine hong,catherine phoon
stephanie cowie,stephanie cox
danielle brown,nicole brown
amrin sulaiman,saif sulaiman
james shand,james shaw
steven tan,steven tapa
colin edwards,olivia edwards
alan wong,angela wong
anne murphy,roxanne murphy
indran ramanathan,sandhya ramanathan
khadder aweidah,khaldoun aweidah
anna harvey,lynne harvey
fraser smith,roger smith
kevin sandhu,ravi sandhu
jim he,jing he
alice taylor,tane taylor
heather macdonald,helen macdonald
aniva lawrence,nicky lawrence
grace lee,rachel lee
jenny wong,lynn wong
ross anderson,ross henderson
faye welsh,janet welsh
gita patel,kiran patel
laura young,mark young
elizabeth edgar,elizabeth edwards
creasan reddy,ranen reddy
foong chan,wing chan
david oconnor,paddy oconnor
clare anderson,michael anderson
mark young,mike young
amitesh kumar,pranesh kumar
emily edwards,nicky edwards
diana maxwell,sasha maxwell
mark mckenzie,mike mckenzie
eman fadhil,hilmat fadhil
claire russell,kylie russell
karen amies,karen arnies
alexandra goldkorn,alexandra gordon
caroline shepherd,jamie shepherd
daniel chan,david chan
sean kelly,steven kelly
larissa molloy,nadia molloy
pratik chandra,satish chandra
james liang,james lin
john duncan,john dunn
rebekah thompson,sarah thompson
andrew baker,dane baker
albany family medical,all care family medical
yoo young lee,young lee
kala jayavant,kalavathy jayavant
ming han lim,ming lim
andrew montgomery,barney montgomery
lucian gabriel,ruvin gabriel
asima dervishi,assima deruishi
charlotte daker,charlotte dale
charlotte dale,charlotte duley
aiden williams,andrea williams
alan lee,jean lee
brian ko,brian ok
james cameron,rees cameron
herman wong,vern wong
karandeep lal,karandeep nall
benjamin ling,benjamin liu
simon roberts,timothy roberts
denesh patel,rakesh patel
frase,fraser
alan broom,brian broom
gary lim,may lim
jean lee,jun lee
john lee,jun lee
richard powell,richard power
allen smith,warren smith
katie smith,lachie smith
paddy obrien,pare obrien
paul butler,shaun butler
alan chan,alan chin
aiden williams,brian williams
andrew cho,andrew chong
amin roberts,simon roberts
anshul das,rahul das
daniel kim,nigel kim
andrew han,andrew pan
christine morgan,christopher morgan
jayendra naidoo,priyendran naidoo
simon wilkinson,tim wilkinson
carol kennedy,mark kennedy
denesh patel,paresh patel
aiden williams,bridget williams
danny stewart,sammy stewart
jenny pearson,kerry pearson
sam mayhew,simon mayhew
alan wright,leon wright
allen smith,karen smith
anita patel,mamta patel
leon wright,tony wright
steve taylor,tane taylor
amanda cleland,andra cleland
andrew law,andrew low
david chou,david zhou
david moss,david voss
fiona blow,fiona brow
grace tong,grace wong
james bell,james sell
peter king,peter ring
peter king,peter ting
peter ring,peter ting
simon chan,simon chin
sian stephens,simone stephens
bruce lee,grace lee
haseena hussain,shabrina hussain
denise bennett,melanie bennett
ann pearson,jenny pearson
rosalie stephens,rosalie stevens
alan fraser,angela fraser
ann davis,dianne davis
mokesh rag,mokesh raj
kenneth chan,kenneth chin
kenneth tong,kenneth wong
richard batt,richard watt
ruth lumsden,ruth lumsdon
stephen ball,stephen wall
stephen dunn,stephen gunn
stephen dunn,stephen munn
stephen gunn,stephen munn
ziaulah khan,ziaulah zhan
alan mitchell,amanda mitchell
aileen smith,helen smith
karen smith,kathryn smith
kate harrison,keith harrison
struan clark,susan clark
leon wright,lionel wright
anna sinclair,jan sinclair
david chou,david hou
mark chen,mark cohen
cate mills,matt mills
denis king,lewis king
jeong park,seung park
laura painter,sarah painter
ashwin patel,hasvin patel
hitesh patel,mahesh patel
anita patel,gita patel
chin chen,erin chen
ralph stewart,sarah stewart
aileen smith,glen smith
hannah jenkins,hannah jenkinson
hannah walker,hannah walter
linda liu,tina liu
jadranka suznjevic,yadra suznjevic
andrew shin,andrew shiu
wen chow chan,wen chow chen
fiona stewart,ian stewart
angela harvey,anna harvey
carl peters,carryn peters
danny stewart,ian stewart
mike van niekerk,willem van niekerk
muritai health centre,turuki health centre
stephanie smith,stephen smith
ian wilson,tania wilson
anna lawrence,anton lawrence
michael barnes,rachel barnes
jennifer bowden,peter bowden
alex mcleod,andrew mcleod
karen smale,karen smart
cho kim,chowool kim
david smith,katie smith
helen moore,peter moore
james irwin,karen irwin
jonathan heather,natasha heather
jessie anderson,neil anderson
colin  edwards,olivia edwards
haseena hussain,nazreen hussain
stephanie taylor,steve taylor
rajneesh sharma,salesh sharma
robert barton,robert walton
danielle brown,nigel brown
aaron wong,alan wong
colin  edwards,julie edwards
kylie russell,leonie russell
michael chen,michael rhee
shawn jordan,simon jordan
adrienne henderson,madeline henderson
abu rahman,habibur rahman
anna hutchison,anne hutchinson
yoga sinnathamby,yogavathany sinnathamby
kathryn smith,katie smith
kavinjit sandhu,kevin sandhu
kwong,wong
russ,russe
denesh patel,mahesh patel
edward mcdonald,jared mcdonald
jo williams,joseph williams
andrew miller,janet miller
alistair young,lisa young
claudia kelly,daria kelly
cagalina wang,caroline wang
donny wong,lynn wong
helen smith,karen smith
julie smith,katie smith
michael chen,michael chu
l courtenay,m courtenay
graeme stokes,graeme stone
laura painter,laura winter
malcolm long,malcolm lyons
michael leong,michael song
randal sterm,randall sturm
richard lowe,richard power
peter ha,peter hall
christine smith,christopher smith
andrew martin,carey martin
stephen johns,stephen sohn
berry allen,murray allen
brian thomson,martin thomson
tend pakuranga,tend tauranga
andrew chew,andrew cho
asif rahman,shafiq rahman
alex williams,andrew williams
clare hamilton,sarah hamilton
erika hunter,melissa hunter
adrian skinner,anna skinner
danielle brown,denise brown
klazina van der vis,zina van der vis
grant spence,megan spence
anju pai,anju rai
mark kennedy,mike kennedy
wen chan,wengkey chan
aysar mansoor,samir mansoor
brian do,brian ko
jason du,jason xu
janet miller,janet mills
michael wah,michael wang
richard gearry,richard perry
emily wright,erica wright
jean lee,john lee
janine cochrane,nick cochrane
frank weilert,frank willert
claire douglas,muired douglas
denesh patel,hitesh patel
hitesh patel,rakesh patel
cleone armstrong,john armstrong
nicole brown,nigel brown
fiona smith,tony smith
janet mills,matt mills
janice wong,joyce wong
john zhang,joyce zhang
laura young,lisa young
